delta_id,field_name,delta_status,authorization_effect
G4G-DELTA-0001,D_nm,RC4_TO_RC5_CARRIED_OR_ADAPTER_EXTENDED,none
G4G-DELTA-0002,NODI_receiver_target,RC4_TO_RC5_CARRIED_OR_ADAPTER_EXTENDED,none
G4G-DELTA-0003,NODI_view,RC4_TO_RC5_CARRIED_OR_ADAPTER_EXTENDED,none
G4G-DELTA-0004,NODI_view_binding_policy,RC4_TO_RC5_CARRIED_OR_ADAPTER_EXTENDED,none
G4G-DELTA-0005,NODI_view_binding_status,RC4_TO_RC5_CARRIED_OR_ADAPTER_EXTENDED,none
G4G-DELTA-0006,NODI_view_current,RC4_TO_RC5_CARRIED_OR_ADAPTER_EXTENDED,none
G4G-DELTA-0007,NODI_view_status,RC4_TO_RC5_CARRIED_OR_ADAPTER_EXTENDED,none
G4G-DELTA-0008,PRS_exact_match_claim,RC4_TO_RC5_CARRIED_OR_ADAPTER_EXTENDED,none
G4G-DELTA-0009,UNBOUND_reason_if_any,RC4_TO_RC5_CARRIED_OR_ADAPTER_EXTENDED,none
G4G-DELTA-0010,W_nominal_nm,RC4_TO_RC5_CARRIED_OR_ADAPTER_EXTENDED,none
G4G-DELTA-0011,_source_file,RC4_TO_RC5_CARRIED_OR_ADAPTER_EXTENDED,none
G4G-DELTA-0012,accepted_context_authorized,RC4_TO_RC5_CARRIED_OR_ADAPTER_EXTENDED,none
G4G-DELTA-0013,accepted_row_expansion_authorized,RC4_TO_RC5_CARRIED_OR_ADAPTER_EXTENDED,none
G4G-DELTA-0014,affected_rows,RC4_TO_RC5_CARRIED_OR_ADAPTER_EXTENDED,none
G4G-DELTA-0015,aggregation_error_bound_status,RC4_TO_RC5_CARRIED_OR_ADAPTER_EXTENDED,none
G4G-DELTA-0016,aggregation_rule,RC4_TO_RC5_CARRIED_OR_ADAPTER_EXTENDED,none
G4G-DELTA-0017,allowed_use,RC4_TO_RC5_CARRIED_OR_ADAPTER_EXTENDED,none
G4G-DELTA-0018,allowed_value_or_domain,RC4_TO_RC5_CARRIED_OR_ADAPTER_EXTENDED,none
G4G-DELTA-0019,artifact_id,RC4_TO_RC5_CARRIED_OR_ADAPTER_EXTENDED,none
G4G-DELTA-0020,artifact_level_context_candidate,RC4_TO_RC5_CARRIED_OR_ADAPTER_EXTENDED,none
G4G-DELTA-0021,artifact_path,RC4_TO_RC5_CARRIED_OR_ADAPTER_EXTENDED,none
G4G-DELTA-0022,authorization_flags_false,RC4_TO_RC5_CARRIED_OR_ADAPTER_EXTENDED,none
G4G-DELTA-0023,authorized,RC4_TO_RC5_CARRIED_OR_ADAPTER_EXTENDED,none
G4G-DELTA-0024,auto_map_authorized,RC4_TO_RC5_CARRIED_OR_ADAPTER_EXTENDED,none
G4G-DELTA-0025,bin_basis,RC4_TO_RC5_CARRIED_OR_ADAPTER_EXTENDED,none
G4G-DELTA-0026,bin_coverage,RC4_TO_RC5_CARRIED_OR_ADAPTER_EXTENDED,none
G4G-DELTA-0027,bin_id,RC4_TO_RC5_CARRIED_OR_ADAPTER_EXTENDED,none
G4G-DELTA-0028,binding_blocker,RC4_TO_RC5_CARRIED_OR_ADAPTER_EXTENDED,none
G4G-DELTA-0029,binding_fail_closed,RC4_TO_RC5_CARRIED_OR_ADAPTER_EXTENDED,none
G4G-DELTA-0030,binding_repair_row_id,RC4_TO_RC5_CARRIED_OR_ADAPTER_EXTENDED,none
G4G-DELTA-0031,binding_template_row_id,RC4_TO_RC5_CARRIED_OR_ADAPTER_EXTENDED,none
G4G-DELTA-0032,blocked_class,RC4_TO_RC5_CARRIED_OR_ADAPTER_EXTENDED,none
G4G-DELTA-0033,blocked_until,RC4_TO_RC5_CARRIED_OR_ADAPTER_EXTENDED,none
G4G-DELTA-0034,blocked_use,RC4_TO_RC5_CARRIED_OR_ADAPTER_EXTENDED,none
G4G-DELTA-0035,blocker_id,RC4_TO_RC5_CARRIED_OR_ADAPTER_EXTENDED,none
G4G-DELTA-0036,blocker_if_any,RC4_TO_RC5_CARRIED_OR_ADAPTER_EXTENDED,none
G4G-DELTA-0037,blocker_preserved,RC4_TO_RC5_CARRIED_OR_ADAPTER_EXTENDED,none
G4G-DELTA-0038,blocker_reason,RC4_TO_RC5_CARRIED_OR_ADAPTER_EXTENDED,none
G4G-DELTA-0039,blocker_type,RC4_TO_RC5_CARRIED_OR_ADAPTER_EXTENDED,none
G4G-DELTA-0040,can_be_done_without_new_comsol_solve,RC4_TO_RC5_CARRIED_OR_ADAPTER_EXTENDED,none
G4G-DELTA-0041,can_close_reason,RC4_TO_RC5_CARRIED_OR_ADAPTER_EXTENDED,none
G4G-DELTA-0042,can_close_work_order,RC4_TO_RC5_CARRIED_OR_ADAPTER_EXTENDED,none
G4G-DELTA-0043,can_fix_without_new_comsol_solve,RC4_TO_RC5_CARRIED_OR_ADAPTER_EXTENDED,none
G4G-DELTA-0044,can_repair_without_new_solve,RC4_TO_RC5_CARRIED_OR_ADAPTER_EXTENDED,none
G4G-DELTA-0045,candidate_claim,RC4_TO_RC5_CARRIED_OR_ADAPTER_EXTENDED,none
G4G-DELTA-0046,candidate_edge20_bins_covered,RC4_TO_RC5_CARRIED_OR_ADAPTER_EXTENDED,none
G4G-DELTA-0047,candidate_export_row_id,RC4_TO_RC5_CARRIED_OR_ADAPTER_EXTENDED,none
G4G-DELTA-0048,candidate_prs_edge20_end_1based,RC4_TO_RC5_CARRIED_OR_ADAPTER_EXTENDED,none
G4G-DELTA-0049,candidate_prs_edge20_ids,RC4_TO_RC5_CARRIED_OR_ADAPTER_EXTENDED,none
G4G-DELTA-0050,candidate_prs_edge20_start_1based,RC4_TO_RC5_CARRIED_OR_ADAPTER_EXTENDED,none
G4G-DELTA-0051,candidate_route_family,RC4_TO_RC5_CARRIED_OR_ADAPTER_EXTENDED,none
G4G-DELTA-0052,candidate_status,RC4_TO_RC5_CARRIED_OR_ADAPTER_EXTENDED,none
G4G-DELTA-0053,carry_forward_status,RC4_TO_RC5_CARRIED_OR_ADAPTER_EXTENDED,none
G4G-DELTA-0054,case_id,RC4_TO_RC5_CARRIED_OR_ADAPTER_EXTENDED,none
G4G-DELTA-0055,check_definition,RC4_TO_RC5_CARRIED_OR_ADAPTER_EXTENDED,none
G4G-DELTA-0056,check_name,RC4_TO_RC5_CARRIED_OR_ADAPTER_EXTENDED,none
G4G-DELTA-0057,checks,RC4_TO_RC5_CARRIED_OR_ADAPTER_EXTENDED,none
G4G-DELTA-0058,chi_selected_authorized,RC4_TO_RC5_CARRIED_OR_ADAPTER_EXTENDED,none
G4G-DELTA-0059,claim_boundary,RC4_TO_RC5_CARRIED_OR_ADAPTER_EXTENDED,none
G4G-DELTA-0060,claim_promotion_authorized_now,RC4_TO_RC5_CARRIED_OR_ADAPTER_EXTENDED,none
G4G-DELTA-0061,columns,RC4_TO_RC5_CARRIED_OR_ADAPTER_EXTENDED,none
G4G-DELTA-0062,comsol_artifact_id,RC4_TO_RC5_CARRIED_OR_ADAPTER_EXTENDED,none
G4G-DELTA-0063,comsol_artifact_path,RC4_TO_RC5_CARRIED_OR_ADAPTER_EXTENDED,none
G4G-DELTA-0064,comsol_evidence_or_gap,RC4_TO_RC5_CARRIED_OR_ADAPTER_EXTENDED,none
G4G-DELTA-0065,comsol_gate2g_status,RC4_TO_RC5_CARRIED_OR_ADAPTER_EXTENDED,none
G4G-DELTA-0066,comsol_gate_id,RC4_TO_RC5_CARRIED_OR_ADAPTER_EXTENDED,none
G4G-DELTA-0067,comsol_status,RC4_TO_RC5_CARRIED_OR_ADAPTER_EXTENDED,none
G4G-DELTA-0068,conservativeness_check_required,RC4_TO_RC5_CARRIED_OR_ADAPTER_EXTENDED,none
G4G-DELTA-0069,conservativeness_metric,RC4_TO_RC5_CARRIED_OR_ADAPTER_EXTENDED,none
G4G-DELTA-0070,conservativeness_rule,RC4_TO_RC5_CARRIED_OR_ADAPTER_EXTENDED,none
G4G-DELTA-0071,conservativeness_status,RC4_TO_RC5_CARRIED_OR_ADAPTER_EXTENDED,none
G4G-DELTA-0072,consumer_candidate,RC4_TO_RC5_CARRIED_OR_ADAPTER_EXTENDED,none
G4G-DELTA-0073,coverage_complete,RC4_TO_RC5_CARRIED_OR_ADAPTER_EXTENDED,none
G4G-DELTA-0074,coverage_contiguous,RC4_TO_RC5_CARRIED_OR_ADAPTER_EXTENDED,none
G4G-DELTA-0075,coverage_nonoverlap_claim_scope,RC4_TO_RC5_CARRIED_OR_ADAPTER_EXTENDED,none
G4G-DELTA-0076,current_blocker,RC4_TO_RC5_CARRIED_OR_ADAPTER_EXTENDED,none
G4G-DELTA-0077,current_source,RC4_TO_RC5_CARRIED_OR_ADAPTER_EXTENDED,none
G4G-DELTA-0078,current_status,RC4_TO_RC5_CARRIED_OR_ADAPTER_EXTENDED,none
G4G-DELTA-0079,current_support_status,RC4_TO_RC5_CARRIED_OR_ADAPTER_EXTENDED,none
G4G-DELTA-0080,decision_row_id,RC4_TO_RC5_CARRIED_OR_ADAPTER_EXTENDED,none
G4G-DELTA-0081,depth_coverage,RC4_TO_RC5_CARRIED_OR_ADAPTER_EXTENDED,none
G4G-DELTA-0082,depth_family,RC4_TO_RC5_CARRIED_OR_ADAPTER_EXTENDED,none
G4G-DELTA-0083,depth_or_channel_family,RC4_TO_RC5_CARRIED_OR_ADAPTER_EXTENDED,none
G4G-DELTA-0084,depth_um,RC4_TO_RC5_CARRIED_OR_ADAPTER_EXTENDED,none
G4G-DELTA-0085,derived_artifact,RC4_TO_RC5_CARRIED_OR_ADAPTER_EXTENDED,none
G4G-DELTA-0086,description,RC4_TO_RC5_CARRIED_OR_ADAPTER_EXTENDED,none
G4G-DELTA-0087,diagnostic_check_id,RC4_TO_RC5_CARRIED_OR_ADAPTER_EXTENDED,none
G4G-DELTA-0088,diameter_binding_status,RC4_TO_RC5_CARRIED_OR_ADAPTER_EXTENDED,none
G4G-DELTA-0089,diameter_coverage,RC4_TO_RC5_CARRIED_OR_ADAPTER_EXTENDED,none
G4G-DELTA-0090,diameter_nm,RC4_TO_RC5_CARRIED_OR_ADAPTER_EXTENDED,none
G4G-DELTA-0091,direct_prs_bin_claim_authorized,RC4_TO_RC5_CARRIED_OR_ADAPTER_EXTENDED,none
G4G-DELTA-0092,direct_prs_bin_use_authorized,RC4_TO_RC5_CARRIED_OR_ADAPTER_EXTENDED,none
G4G-DELTA-0093,direct_prs_bin_use_authorized_default,RC4_TO_RC5_CARRIED_OR_ADAPTER_EXTENDED,none
G4G-DELTA-0094,disposition,RC4_TO_RC5_CARRIED_OR_ADAPTER_EXTENDED,none
G4G-DELTA-0095,distribution_type_required,RC4_TO_RC5_CARRIED_OR_ADAPTER_EXTENDED,none
G4G-DELTA-0096,dossier_id,RC4_TO_RC5_CARRIED_OR_ADAPTER_EXTENDED,none
G4G-DELTA-0097,edge20_bin_count,RC4_TO_RC5_CARRIED_OR_ADAPTER_EXTENDED,none
G4G-DELTA-0098,edge20_bin_id,RC4_TO_RC5_CARRIED_OR_ADAPTER_EXTENDED,none
G4G-DELTA-0099,edge20_bins_covered,RC4_TO_RC5_CARRIED_OR_ADAPTER_EXTENDED,none
G4G-DELTA-0100,edge20_definition_hash,RC4_TO_RC5_CARRIED_OR_ADAPTER_EXTENDED,none
G4G-DELTA-0101,edge20_reference_units,RC4_TO_RC5_CARRIED_OR_ADAPTER_EXTENDED,none
G4G-DELTA-0102,edge20_reference_value,RC4_TO_RC5_CARRIED_OR_ADAPTER_EXTENDED,none
G4G-DELTA-0103,edge4_aggregate_value,RC4_TO_RC5_CARRIED_OR_ADAPTER_EXTENDED,none
G4G-DELTA-0104,edge4_bin_label,RC4_TO_RC5_CARRIED_OR_ADAPTER_EXTENDED,none
G4G-DELTA-0105,edge4_max,RC4_TO_RC5_CARRIED_OR_ADAPTER_EXTENDED,none
G4G-DELTA-0106,edge4_min,RC4_TO_RC5_CARRIED_OR_ADAPTER_EXTENDED,none
G4G-DELTA-0107,edge4_to_edge20_policy,RC4_TO_RC5_CARRIED_OR_ADAPTER_EXTENDED,none
G4G-DELTA-0108,edge_bin_label,RC4_TO_RC5_CARRIED_OR_ADAPTER_EXTENDED,none
G4G-DELTA-0109,edge_deliverable_row_id,RC4_TO_RC5_CARRIED_OR_ADAPTER_EXTENDED,none
G4G-DELTA-0110,edge_norm_max,RC4_TO_RC5_CARRIED_OR_ADAPTER_EXTENDED,none
G4G-DELTA-0111,edge_norm_min,RC4_TO_RC5_CARRIED_OR_ADAPTER_EXTENDED,none
G4G-DELTA-0112,error_bound_lower,RC4_TO_RC5_CARRIED_OR_ADAPTER_EXTENDED,none
G4G-DELTA-0113,error_bound_upper,RC4_TO_RC5_CARRIED_OR_ADAPTER_EXTENDED,none
G4G-DELTA-0114,error_loss_semantics,RC4_TO_RC5_CARRIED_OR_ADAPTER_EXTENDED,none
G4G-DELTA-0115,evidence_class,RC4_TO_RC5_CARRIED_OR_ADAPTER_EXTENDED,none
G4G-DELTA-0116,evidence_row_id,RC4_TO_RC5_CARRIED_OR_ADAPTER_EXTENDED,none
G4G-DELTA-0117,exact_claim_made_by_comsol,RC4_TO_RC5_CARRIED_OR_ADAPTER_EXTENDED,none
G4G-DELTA-0118,exact_nodi_prs_match_claim,RC4_TO_RC5_CARRIED_OR_ADAPTER_EXTENDED,none
G4G-DELTA-0119,exact_prs_match_claim_by_comsol,RC4_TO_RC5_CARRIED_OR_ADAPTER_EXTENDED,none
G4G-DELTA-0120,example_value_policy,RC4_TO_RC5_CARRIED_OR_ADAPTER_EXTENDED,none
G4G-DELTA-0121,expected_base_edge_bins,RC4_TO_RC5_CARRIED_OR_ADAPTER_EXTENDED,none
G4G-DELTA-0122,expected_events_per_base_bin_per_seed,RC4_TO_RC5_CARRIED_OR_ADAPTER_EXTENDED,none
G4G-DELTA-0123,expected_nodi_disposition,RC4_TO_RC5_CARRIED_OR_ADAPTER_EXTENDED,none
G4G-DELTA-0124,expected_result_enum,RC4_TO_RC5_CARRIED_OR_ADAPTER_EXTENDED,none
G4G-DELTA-0125,expected_rows_per_route_diameter_view,RC4_TO_RC5_CARRIED_OR_ADAPTER_EXTENDED,none
G4G-DELTA-0126,expected_special_aggregates,RC4_TO_RC5_CARRIED_OR_ADAPTER_EXTENDED,none
G4G-DELTA-0127,expected_xz_bins,RC4_TO_RC5_CARRIED_OR_ADAPTER_EXTENDED,none
G4G-DELTA-0128,field_name,RC4_TO_RC5_CARRIED_OR_ADAPTER_EXTENDED,none
G4G-DELTA-0129,flow_split_units,RC4_TO_RC5_CARRIED_OR_ADAPTER_EXTENDED,none
G4G-DELTA-0130,flow_split_value,RC4_TO_RC5_CARRIED_OR_ADAPTER_EXTENDED,none
G4G-DELTA-0131,forbidden_auth_flag_state,RC4_TO_RC5_CARRIED_OR_ADAPTER_EXTENDED,none
G4G-DELTA-0132,forbidden_interpretations,RC4_TO_RC5_CARRIED_OR_ADAPTER_EXTENDED,none
G4G-DELTA-0133,forbidden_repair,RC4_TO_RC5_CARRIED_OR_ADAPTER_EXTENDED,none
G4G-DELTA-0134,formal_qch_sidecar_present,RC4_TO_RC5_CARRIED_OR_ADAPTER_EXTENDED,none
G4G-DELTA-0135,formula_exclusion_active,RC4_TO_RC5_CARRIED_OR_ADAPTER_EXTENDED,none
G4G-DELTA-0136,formula_use_authorized,RC4_TO_RC5_CARRIED_OR_ADAPTER_EXTENDED,none
G4G-DELTA-0137,formula_use_authorized_default,RC4_TO_RC5_CARRIED_OR_ADAPTER_EXTENDED,none
G4G-DELTA-0138,future_authorization_required,RC4_TO_RC5_CARRIED_OR_ADAPTER_EXTENDED,none
G4G-DELTA-0139,gate2b_artifact_level_context_candidate,RC4_TO_RC5_CARRIED_OR_ADAPTER_EXTENDED,none
G4G-DELTA-0140,gate2b_context_row_id,RC4_TO_RC5_CARRIED_OR_ADAPTER_EXTENDED,none
G4G-DELTA-0141,gate2b_grain_level_context_ingestion_authorized,RC4_TO_RC5_CARRIED_OR_ADAPTER_EXTENDED,none
G4G-DELTA-0142,gate2c_alignment_row_id,RC4_TO_RC5_CARRIED_OR_ADAPTER_EXTENDED,none
G4G-DELTA-0143,gate2c_row_id,RC4_TO_RC5_CARRIED_OR_ADAPTER_EXTENDED,none
G4G-DELTA-0144,gate2d_candidate_row_id,RC4_TO_RC5_CARRIED_OR_ADAPTER_EXTENDED,none
G4G-DELTA-0145,gate2f_edge_evidence_id,RC4_TO_RC5_CARRIED_OR_ADAPTER_EXTENDED,none
G4G-DELTA-0146,gate2k_template_row_id,RC4_TO_RC5_CARRIED_OR_ADAPTER_EXTENDED,none
G4G-DELTA-0147,generation_preparation_authorized_now,RC4_TO_RC5_CARRIED_OR_ADAPTER_EXTENDED,none
G4G-DELTA-0148,grain_level_ingestion_authorized,RC4_TO_RC5_CARRIED_OR_ADAPTER_EXTENDED,none
G4G-DELTA-0149,grain_level_ingestion_authorized_default,RC4_TO_RC5_CARRIED_OR_ADAPTER_EXTENDED,none
G4G-DELTA-0150,grain_level_ingestion_policy,RC4_TO_RC5_CARRIED_OR_ADAPTER_EXTENDED,none
G4G-DELTA-0151,grouping_basis,RC4_TO_RC5_CARRIED_OR_ADAPTER_EXTENDED,none
G4G-DELTA-0152,hash_stability_status,RC4_TO_RC5_CARRIED_OR_ADAPTER_EXTENDED,none
G4G-DELTA-0153,hook_id,RC4_TO_RC5_CARRIED_OR_ADAPTER_EXTENDED,none
G4G-DELTA-0154,human_review_required,RC4_TO_RC5_CARRIED_OR_ADAPTER_EXTENDED,none
G4G-DELTA-0155,information_loss_description,RC4_TO_RC5_CARRIED_OR_ADAPTER_EXTENDED,none
G4G-DELTA-0156,integration_surface_or_volume_definition,RC4_TO_RC5_CARRIED_OR_ADAPTER_EXTENDED,none
G4G-DELTA-0157,is_chi_selected,RC4_TO_RC5_CARRIED_OR_ADAPTER_EXTENDED,none
G4G-DELTA-0158,is_formal_gate2_qch_sidecar,RC4_TO_RC5_CARRIED_OR_ADAPTER_EXTENDED,none
G4G-DELTA-0159,is_formal_policy_evidence,RC4_TO_RC5_CARRIED_OR_ADAPTER_EXTENDED,none
G4G-DELTA-0160,is_policy_result,RC4_TO_RC5_CARRIED_OR_ADAPTER_EXTENDED,none
G4G-DELTA-0161,jrc_authorized,RC4_TO_RC5_CARRIED_OR_ADAPTER_EXTENDED,none
G4G-DELTA-0162,lambda_nm,RC4_TO_RC5_CARRIED_OR_ADAPTER_EXTENDED,none
G4G-DELTA-0163,launch_authorized_now,RC4_TO_RC5_CARRIED_OR_ADAPTER_EXTENDED,none
G4G-DELTA-0164,lineage_id,RC4_TO_RC5_CARRIED_OR_ADAPTER_EXTENDED,none
G4G-DELTA-0165,loss_error_policy_approval_status,RC4_TO_RC5_CARRIED_OR_ADAPTER_EXTENDED,none
G4G-DELTA-0166,loss_error_requirement_id,RC4_TO_RC5_CARRIED_OR_ADAPTER_EXTENDED,none
G4G-DELTA-0167,loss_error_requirement_set_id,RC4_TO_RC5_CARRIED_OR_ADAPTER_EXTENDED,none
G4G-DELTA-0168,manifest_link,RC4_TO_RC5_CARRIED_OR_ADAPTER_EXTENDED,none
G4G-DELTA-0169,mesh_size,RC4_TO_RC5_CARRIED_OR_ADAPTER_EXTENDED,none
G4G-DELTA-0170,mismatch_blocker_if_any,RC4_TO_RC5_CARRIED_OR_ADAPTER_EXTENDED,none
G4G-DELTA-0171,missing_binding,RC4_TO_RC5_CARRIED_OR_ADAPTER_EXTENDED,none
G4G-DELTA-0172,missing_required_fields,RC4_TO_RC5_CARRIED_OR_ADAPTER_EXTENDED,none
G4G-DELTA-0173,monotonicity_allowed_exceptions,RC4_TO_RC5_CARRIED_OR_ADAPTER_EXTENDED,none
G4G-DELTA-0174,monotonicity_check_required,RC4_TO_RC5_CARRIED_OR_ADAPTER_EXTENDED,none
G4G-DELTA-0175,monotonicity_direction,RC4_TO_RC5_CARRIED_OR_ADAPTER_EXTENDED,none
G4G-DELTA-0176,monotonicity_metric,RC4_TO_RC5_CARRIED_OR_ADAPTER_EXTENDED,none
G4G-DELTA-0177,monotonicity_status,RC4_TO_RC5_CARRIED_OR_ADAPTER_EXTENDED,none
G4G-DELTA-0178,must_remain_review_only_if,RC4_TO_RC5_CARRIED_OR_ADAPTER_EXTENDED,none
G4G-DELTA-0179,mutation_id,RC4_TO_RC5_CARRIED_OR_ADAPTER_EXTENDED,none
G4G-DELTA-0180,needed_from_comsol,RC4_TO_RC5_CARRIED_OR_ADAPTER_EXTENDED,none
G4G-DELTA-0181,needed_from_nodi,RC4_TO_RC5_CARRIED_OR_ADAPTER_EXTENDED,none
G4G-DELTA-0182,nodi_automation_binding_status,RC4_TO_RC5_CARRIED_OR_ADAPTER_EXTENDED,none
G4G-DELTA-0183,nodi_bin_binding_status,RC4_TO_RC5_CARRIED_OR_ADAPTER_EXTENDED,none
G4G-DELTA-0184,nodi_check_id,RC4_TO_RC5_CARRIED_OR_ADAPTER_EXTENDED,none
G4G-DELTA-0185,nodi_current_status,RC4_TO_RC5_CARRIED_OR_ADAPTER_EXTENDED,none
G4G-DELTA-0186,nodi_diameter_binding_status,RC4_TO_RC5_CARRIED_OR_ADAPTER_EXTENDED,none
G4G-DELTA-0187,nodi_edge20_definition_hash,RC4_TO_RC5_CARRIED_OR_ADAPTER_EXTENDED,none
G4G-DELTA-0188,nodi_expected_verdict,RC4_TO_RC5_CARRIED_OR_ADAPTER_EXTENDED,none
G4G-DELTA-0189,nodi_receipt_support_id,RC4_TO_RC5_CARRIED_OR_ADAPTER_EXTENDED,none
G4G-DELTA-0190,nodi_required_evidence,RC4_TO_RC5_CARRIED_OR_ADAPTER_EXTENDED,none
G4G-DELTA-0191,nodi_route_key_candidate,RC4_TO_RC5_CARRIED_OR_ADAPTER_EXTENDED,none
G4G-DELTA-0192,nodi_view_binding_status,RC4_TO_RC5_CARRIED_OR_ADAPTER_EXTENDED,none
G4G-DELTA-0193,normalization_available,RC4_TO_RC5_CARRIED_OR_ADAPTER_EXTENDED,none
G4G-DELTA-0194,normalization_basis,RC4_TO_RC5_CARRIED_OR_ADAPTER_EXTENDED,none
G4G-DELTA-0195,normalization_requirement,RC4_TO_RC5_CARRIED_OR_ADAPTER_EXTENDED,none
G4G-DELTA-0196,normalization_status,RC4_TO_RC5_CARRIED_OR_ADAPTER_EXTENDED,none
G4G-DELTA-0197,not_evidence,RC4_TO_RC5_CARRIED_OR_ADAPTER_EXTENDED,none
G4G-DELTA-0198,notes,RC4_TO_RC5_CARRIED_OR_ADAPTER_EXTENDED,none
G4G-DELTA-0199,numeric_aggregation_error_bound_status,RC4_TO_RC5_CARRIED_OR_ADAPTER_EXTENDED,none
G4G-DELTA-0200,numeric_error_bound_units,RC4_TO_RC5_CARRIED_OR_ADAPTER_EXTENDED,none
G4G-DELTA-0201,numeric_error_bound_value,RC4_TO_RC5_CARRIED_OR_ADAPTER_EXTENDED,none
G4G-DELTA-0202,numeric_error_units,RC4_TO_RC5_CARRIED_OR_ADAPTER_EXTENDED,none
G4G-DELTA-0203,numeric_error_value,RC4_TO_RC5_CARRIED_OR_ADAPTER_EXTENDED,none
G4G-DELTA-0204,outlet_entity_count,RC4_TO_RC5_CARRIED_OR_ADAPTER_EXTENDED,none
G4G-DELTA-0205,package_id,RC4_TO_RC5_CARRIED_OR_ADAPTER_EXTENDED,none
G4G-DELTA-0206,package_row_id,RC4_TO_RC5_CARRIED_OR_ADAPTER_EXTENDED,none
G4G-DELTA-0207,particle_kind,RC4_TO_RC5_CARRIED_OR_ADAPTER_EXTENDED,none
G4G-DELTA-0208,path,RC4_TO_RC5_CARRIED_OR_ADAPTER_EXTENDED,none
G4G-DELTA-0209,policy_approval_status,RC4_TO_RC5_CARRIED_OR_ADAPTER_EXTENDED,none
G4G-DELTA-0210,policy_option,RC4_TO_RC5_CARRIED_OR_ADAPTER_EXTENDED,none
G4G-DELTA-0211,policy_option_id,RC4_TO_RC5_CARRIED_OR_ADAPTER_EXTENDED,none
G4G-DELTA-0212,policy_review_ready,RC4_TO_RC5_CARRIED_OR_ADAPTER_EXTENDED,none
G4G-DELTA-0213,policy_row_id,RC4_TO_RC5_CARRIED_OR_ADAPTER_EXTENDED,none
G4G-DELTA-0214,policy_status,RC4_TO_RC5_CARRIED_OR_ADAPTER_EXTENDED,none
G4G-DELTA-0215,policy_use_requested,RC4_TO_RC5_CARRIED_OR_ADAPTER_EXTENDED,none
G4G-DELTA-0216,policy_use_requested_default,RC4_TO_RC5_CARRIED_OR_ADAPTER_EXTENDED,none
G4G-DELTA-0217,priority,RC4_TO_RC5_CARRIED_OR_ADAPTER_EXTENDED,none
G4G-DELTA-0218,probe_category,RC4_TO_RC5_CARRIED_OR_ADAPTER_EXTENDED,none
G4G-DELTA-0219,probe_row_id,RC4_TO_RC5_CARRIED_OR_ADAPTER_EXTENDED,none
G4G-DELTA-0220,production_ingestion_authorized,RC4_TO_RC5_CARRIED_OR_ADAPTER_EXTENDED,none
G4G-DELTA-0221,proposed_edge20_bins_covered,RC4_TO_RC5_CARRIED_OR_ADAPTER_EXTENDED,none
G4G-DELTA-0222,proposed_edge20_group_id,RC4_TO_RC5_CARRIED_OR_ADAPTER_EXTENDED,none
G4G-DELTA-0223,proposed_edge20_group_id_or_pending,RC4_TO_RC5_CARRIED_OR_ADAPTER_EXTENDED,none
G4G-DELTA-0224,proposed_gate,RC4_TO_RC5_CARRIED_OR_ADAPTER_EXTENDED,none
G4G-DELTA-0225,proposed_next_artifact,RC4_TO_RC5_CARRIED_OR_ADAPTER_EXTENDED,none
G4G-DELTA-0226,proposed_scope,RC4_TO_RC5_CARRIED_OR_ADAPTER_EXTENDED,none
G4G-DELTA-0227,proposed_status,RC4_TO_RC5_CARRIED_OR_ADAPTER_EXTENDED,none
G4G-DELTA-0228,provenance_id,RC4_TO_RC5_CARRIED_OR_ADAPTER_EXTENDED,none
G4G-DELTA-0229,q_ch_units,RC4_TO_RC5_CARRIED_OR_ADAPTER_EXTENDED,none
G4G-DELTA-0230,q_ch_value,RC4_TO_RC5_CARRIED_OR_ADAPTER_EXTENDED,none
G4G-DELTA-0231,qch_chi_eta_authorized,RC4_TO_RC5_CARRIED_OR_ADAPTER_EXTENDED,none
G4G-DELTA-0232,qch_eta_authorized,RC4_TO_RC5_CARRIED_OR_ADAPTER_EXTENDED,none
G4G-DELTA-0233,qch_template_row_id,RC4_TO_RC5_CARRIED_OR_ADAPTER_EXTENDED,none
G4G-DELTA-0234,qch_weighting_authorized,RC4_TO_RC5_CARRIED_OR_ADAPTER_EXTENDED,none
G4G-DELTA-0235,raw_residence_fraction,RC4_TO_RC5_CARRIED_OR_ADAPTER_EXTENDED,none
G4G-DELTA-0236,raw_velocity_fraction,RC4_TO_RC5_CARRIED_OR_ADAPTER_EXTENDED,none
G4G-DELTA-0237,readiness_status,RC4_TO_RC5_CARRIED_OR_ADAPTER_EXTENDED,none
G4G-DELTA-0238,reason,RC4_TO_RC5_CARRIED_OR_ADAPTER_EXTENDED,none
G4G-DELTA-0239,recommended_gate2b_status,RC4_TO_RC5_CARRIED_OR_ADAPTER_EXTENDED,none
G4G-DELTA-0240,recommended_nodi_action,RC4_TO_RC5_CARRIED_OR_ADAPTER_EXTENDED,none
G4G-DELTA-0241,recommended_nodi_reconciled_status,RC4_TO_RC5_CARRIED_OR_ADAPTER_EXTENDED,none
G4G-DELTA-0242,reference_row_id,RC4_TO_RC5_CARRIED_OR_ADAPTER_EXTENDED,none
G4G-DELTA-0243,reproducibility_check_required,RC4_TO_RC5_CARRIED_OR_ADAPTER_EXTENDED,none
G4G-DELTA-0244,reproducibility_group_id,RC4_TO_RC5_CARRIED_OR_ADAPTER_EXTENDED,none
G4G-DELTA-0245,reproducibility_status,RC4_TO_RC5_CARRIED_OR_ADAPTER_EXTENDED,none
G4G-DELTA-0246,required_comsol_export_change,RC4_TO_RC5_CARRIED_OR_ADAPTER_EXTENDED,none
G4G-DELTA-0247,required_evidence,RC4_TO_RC5_CARRIED_OR_ADAPTER_EXTENDED,none
G4G-DELTA-0248,required_evidence_to_upgrade,RC4_TO_RC5_CARRIED_OR_ADAPTER_EXTENDED,none
G4G-DELTA-0249,required_fields_present,RC4_TO_RC5_CARRIED_OR_ADAPTER_EXTENDED,none
G4G-DELTA-0250,required_for_positive_fixture,RC4_TO_RC5_CARRIED_OR_ADAPTER_EXTENDED,none
G4G-DELTA-0251,required_next_gate,RC4_TO_RC5_CARRIED_OR_ADAPTER_EXTENDED,none
G4G-DELTA-0252,required_nodi_checks_to_upgrade,RC4_TO_RC5_CARRIED_OR_ADAPTER_EXTENDED,none
G4G-DELTA-0253,required_nodi_next_gate,RC4_TO_RC5_CARRIED_OR_ADAPTER_EXTENDED,none
G4G-DELTA-0254,required_nodi_policy,RC4_TO_RC5_CARRIED_OR_ADAPTER_EXTENDED,none
G4G-DELTA-0255,required_nodi_review,RC4_TO_RC5_CARRIED_OR_ADAPTER_EXTENDED,none
G4G-DELTA-0256,required_output_if_future_authorized,RC4_TO_RC5_CARRIED_OR_ADAPTER_EXTENDED,none
G4G-DELTA-0257,required_output_status,RC4_TO_RC5_CARRIED_OR_ADAPTER_EXTENDED,none
G4G-DELTA-0258,required_seeds,RC4_TO_RC5_CARRIED_OR_ADAPTER_EXTENDED,none
G4G-DELTA-0259,required_validation_checks,RC4_TO_RC5_CARRIED_OR_ADAPTER_EXTENDED,none
G4G-DELTA-0260,requirement_area,RC4_TO_RC5_CARRIED_OR_ADAPTER_EXTENDED,none
G4G-DELTA-0261,requirement_id,RC4_TO_RC5_CARRIED_OR_ADAPTER_EXTENDED,none
G4G-DELTA-0262,requires_conservativeness_check,RC4_TO_RC5_CARRIED_OR_ADAPTER_EXTENDED,none
G4G-DELTA-0263,requires_loss_error_semantics,RC4_TO_RC5_CARRIED_OR_ADAPTER_EXTENDED,none
G4G-DELTA-0264,requires_monotonicity_check,RC4_TO_RC5_CARRIED_OR_ADAPTER_EXTENDED,none
G4G-DELTA-0265,requires_new_comsol_export,RC4_TO_RC5_CARRIED_OR_ADAPTER_EXTENDED,none
G4G-DELTA-0266,requires_new_comsol_solve,RC4_TO_RC5_CARRIED_OR_ADAPTER_EXTENDED,none
G4G-DELTA-0267,requires_nodi_acceptance,RC4_TO_RC5_CARRIED_OR_ADAPTER_EXTENDED,none
G4G-DELTA-0268,requires_nodi_edge20_definition_hash,RC4_TO_RC5_CARRIED_OR_ADAPTER_EXTENDED,none
G4G-DELTA-0269,requires_nodi_prs_recheck,RC4_TO_RC5_CARRIED_OR_ADAPTER_EXTENDED,none
G4G-DELTA-0270,requires_nodi_prs_verdict,RC4_TO_RC5_CARRIED_OR_ADAPTER_EXTENDED,none
G4G-DELTA-0271,residence_numerator,RC4_TO_RC5_CARRIED_OR_ADAPTER_EXTENDED,none
G4G-DELTA-0272,residence_total,RC4_TO_RC5_CARRIED_OR_ADAPTER_EXTENDED,none
G4G-DELTA-0273,result,RC4_TO_RC5_CARRIED_OR_ADAPTER_EXTENDED,none
G4G-DELTA-0274,review_method_candidate,RC4_TO_RC5_CARRIED_OR_ADAPTER_EXTENDED,none
G4G-DELTA-0275,review_only_until_nodi_approval,RC4_TO_RC5_CARRIED_OR_ADAPTER_EXTENDED,none
G4G-DELTA-0276,route_coverage,RC4_TO_RC5_CARRIED_OR_ADAPTER_EXTENDED,none
G4G-DELTA-0277,route_family,RC4_TO_RC5_CARRIED_OR_ADAPTER_EXTENDED,none
G4G-DELTA-0278,route_geometry_id_comsol,RC4_TO_RC5_CARRIED_OR_ADAPTER_EXTENDED,none
G4G-DELTA-0279,route_id_nodi,RC4_TO_RC5_CARRIED_OR_ADAPTER_EXTENDED,none
G4G-DELTA-0280,route_key,RC4_TO_RC5_CARRIED_OR_ADAPTER_EXTENDED,none
G4G-DELTA-0281,route_key_candidate,RC4_TO_RC5_CARRIED_OR_ADAPTER_EXTENDED,none
G4G-DELTA-0282,route_view_diameter_bin_binding_available,RC4_TO_RC5_CARRIED_OR_ADAPTER_EXTENDED,none
G4G-DELTA-0283,route_view_diameter_bin_binding_status,RC4_TO_RC5_CARRIED_OR_ADAPTER_EXTENDED,none
G4G-DELTA-0284,row_count,RC4_TO_RC5_CARRIED_OR_ADAPTER_EXTENDED,none
G4G-DELTA-0285,row_grain,RC4_TO_RC5_CARRIED_OR_ADAPTER_EXTENDED,none
G4G-DELTA-0286,row_identity,RC4_TO_RC5_CARRIED_OR_ADAPTER_EXTENDED,none
G4G-DELTA-0287,row_identity_available,RC4_TO_RC5_CARRIED_OR_ADAPTER_EXTENDED,none
G4G-DELTA-0288,row_identity_status,RC4_TO_RC5_CARRIED_OR_ADAPTER_EXTENDED,none
G4G-DELTA-0289,run_label,RC4_TO_RC5_CARRIED_OR_ADAPTER_EXTENDED,none
G4G-DELTA-0290,runtime_configuration_authorized,RC4_TO_RC5_CARRIED_OR_ADAPTER_EXTENDED,none
G4G-DELTA-0291,sample_policy,RC4_TO_RC5_CARRIED_OR_ADAPTER_EXTENDED,none
G4G-DELTA-0292,sample_row_count_read,RC4_TO_RC5_CARRIED_OR_ADAPTER_EXTENDED,none
G4G-DELTA-0293,schema_field_id,RC4_TO_RC5_CARRIED_OR_ADAPTER_EXTENDED,none
G4G-DELTA-0294,schema_version,RC4_TO_RC5_CARRIED_OR_ADAPTER_EXTENDED,none
G4G-DELTA-0295,semantics_area,RC4_TO_RC5_CARRIED_OR_ADAPTER_EXTENDED,none
G4G-DELTA-0296,semantics_row_id,RC4_TO_RC5_CARRIED_OR_ADAPTER_EXTENDED,none
G4G-DELTA-0297,sha256,RC4_TO_RC5_CARRIED_OR_ADAPTER_EXTENDED,none
G4G-DELTA-0298,sidewall_deg,RC4_TO_RC5_CARRIED_OR_ADAPTER_EXTENDED,none
G4G-DELTA-0299,source_artifact,RC4_TO_RC5_CARRIED_OR_ADAPTER_EXTENDED,none
G4G-DELTA-0300,source_candidate_export_row_id,RC4_TO_RC5_CARRIED_OR_ADAPTER_EXTENDED,none
G4G-DELTA-0301,source_crosswalk_status,RC4_TO_RC5_CARRIED_OR_ADAPTER_EXTENDED,none
G4G-DELTA-0302,source_edge4_artifact,RC4_TO_RC5_CARRIED_OR_ADAPTER_EXTENDED,none
G4G-DELTA-0303,source_edge_skeleton_row_id,RC4_TO_RC5_CARRIED_OR_ADAPTER_EXTENDED,none
G4G-DELTA-0304,source_family,RC4_TO_RC5_CARRIED_OR_ADAPTER_EXTENDED,none
G4G-DELTA-0305,source_gate2f_edge_evidence_id,RC4_TO_RC5_CARRIED_OR_ADAPTER_EXTENDED,none
G4G-DELTA-0306,source_geometry_hash,RC4_TO_RC5_CARRIED_OR_ADAPTER_EXTENDED,none
G4G-DELTA-0307,source_row_count,RC4_TO_RC5_CARRIED_OR_ADAPTER_EXTENDED,none
G4G-DELTA-0308,source_row_identity,RC4_TO_RC5_CARRIED_OR_ADAPTER_EXTENDED,none
G4G-DELTA-0309,source_row_type,RC4_TO_RC5_CARRIED_OR_ADAPTER_EXTENDED,none
G4G-DELTA-0310,source_rows_covered,RC4_TO_RC5_CARRIED_OR_ADAPTER_EXTENDED,none
G4G-DELTA-0311,source_schema_path,RC4_TO_RC5_CARRIED_OR_ADAPTER_EXTENDED,none
G4G-DELTA-0312,source_schema_sha256,RC4_TO_RC5_CARRIED_OR_ADAPTER_EXTENDED,none
G4G-DELTA-0313,source_sha256,RC4_TO_RC5_CARRIED_OR_ADAPTER_EXTENDED,none
G4G-DELTA-0314,source_sha_available,RC4_TO_RC5_CARRIED_OR_ADAPTER_EXTENDED,none
G4G-DELTA-0315,source_sha_provenance_status,RC4_TO_RC5_CARRIED_OR_ADAPTER_EXTENDED,none
G4G-DELTA-0316,source_sha_requirement,RC4_TO_RC5_CARRIED_OR_ADAPTER_EXTENDED,none
G4G-DELTA-0317,source_solve_id,RC4_TO_RC5_CARRIED_OR_ADAPTER_EXTENDED,none
G4G-DELTA-0318,source_solve_provenance_id,RC4_TO_RC5_CARRIED_OR_ADAPTER_EXTENDED,none
G4G-DELTA-0319,source_validator_path,RC4_TO_RC5_CARRIED_OR_ADAPTER_EXTENDED,none
G4G-DELTA-0320,source_validator_sha256,RC4_TO_RC5_CARRIED_OR_ADAPTER_EXTENDED,none
G4G-DELTA-0321,state_changed_this_gate,RC4_TO_RC5_CARRIED_OR_ADAPTER_EXTENDED,none
G4G-DELTA-0322,structural_coverage_proof_id,RC4_TO_RC5_CARRIED_OR_ADAPTER_EXTENDED,none
G4G-DELTA-0323,structural_proof_boundary,RC4_TO_RC5_CARRIED_OR_ADAPTER_EXTENDED,none
G4G-DELTA-0324,structural_proof_status,RC4_TO_RC5_CARRIED_OR_ADAPTER_EXTENDED,none
G4G-DELTA-0325,success_criteria,RC4_TO_RC5_CARRIED_OR_ADAPTER_EXTENDED,none
G4G-DELTA-0326,synthetic_binding_row_id,RC4_TO_RC5_CARRIED_OR_ADAPTER_EXTENDED,none
G4G-DELTA-0327,synthetic_fixture_not_evidence,RC4_TO_RC5_CARRIED_OR_ADAPTER_EXTENDED,none
G4G-DELTA-0328,synthetic_fixture_status,RC4_TO_RC5_CARRIED_OR_ADAPTER_EXTENDED,none
G4G-DELTA-0329,synthetic_row_id,RC4_TO_RC5_CARRIED_OR_ADAPTER_EXTENDED,none
G4G-DELTA-0330,template_only,RC4_TO_RC5_CARRIED_OR_ADAPTER_EXTENDED,none
G4G-DELTA-0331,template_row_id,RC4_TO_RC5_CARRIED_OR_ADAPTER_EXTENDED,none
G4G-DELTA-0332,tpd_alignment_source,RC4_TO_RC5_CARRIED_OR_ADAPTER_EXTENDED,none
G4G-DELTA-0333,tpd_bin_basis,RC4_TO_RC5_CARRIED_OR_ADAPTER_EXTENDED,none
G4G-DELTA-0334,tpd_bin_label,RC4_TO_RC5_CARRIED_OR_ADAPTER_EXTENDED,none
G4G-DELTA-0335,tpd_case_or_artifact_id,RC4_TO_RC5_CARRIED_OR_ADAPTER_EXTENDED,none
G4G-DELTA-0336,tpd_edge4_bin_label,RC4_TO_RC5_CARRIED_OR_ADAPTER_EXTENDED,none
G4G-DELTA-0337,tpd_edge_bin_label,RC4_TO_RC5_CARRIED_OR_ADAPTER_EXTENDED,none
G4G-DELTA-0338,tpd_edge_norm_max,RC4_TO_RC5_CARRIED_OR_ADAPTER_EXTENDED,none
G4G-DELTA-0339,tpd_edge_norm_min,RC4_TO_RC5_CARRIED_OR_ADAPTER_EXTENDED,none
G4G-DELTA-0340,tpd_proxy_aggregation_basis,RC4_TO_RC5_CARRIED_OR_ADAPTER_EXTENDED,none
G4G-DELTA-0341,tpd_scope,RC4_TO_RC5_CARRIED_OR_ADAPTER_EXTENDED,none
G4G-DELTA-0342,transform_hint,RC4_TO_RC5_CARRIED_OR_ADAPTER_EXTENDED,none
G4G-DELTA-0343,trial_id,RC4_TO_RC5_CARRIED_OR_ADAPTER_EXTENDED,none
G4G-DELTA-0344,uncertainty_flag,RC4_TO_RC5_CARRIED_OR_ADAPTER_EXTENDED,none
G4G-DELTA-0345,uncertainty_or_review_flag,RC4_TO_RC5_CARRIED_OR_ADAPTER_EXTENDED,none
G4G-DELTA-0346,units,RC4_TO_RC5_CARRIED_OR_ADAPTER_EXTENDED,none
G4G-DELTA-0347,units_available,RC4_TO_RC5_CARRIED_OR_ADAPTER_EXTENDED,none
G4G-DELTA-0348,units_requirement,RC4_TO_RC5_CARRIED_OR_ADAPTER_EXTENDED,none
G4G-DELTA-0349,units_status,RC4_TO_RC5_CARRIED_OR_ADAPTER_EXTENDED,none
G4G-DELTA-0350,validation_link,RC4_TO_RC5_CARRIED_OR_ADAPTER_EXTENDED,none
G4G-DELTA-0351,validation_plan,RC4_TO_RC5_CARRIED_OR_ADAPTER_EXTENDED,none
G4G-DELTA-0352,velocity_numerator,RC4_TO_RC5_CARRIED_OR_ADAPTER_EXTENDED,none
G4G-DELTA-0353,velocity_total,RC4_TO_RC5_CARRIED_OR_ADAPTER_EXTENDED,none
G4G-DELTA-0354,volume_entity_count,RC4_TO_RC5_CARRIED_OR_ADAPTER_EXTENDED,none
G4G-DELTA-0355,weighting_basis,RC4_TO_RC5_CARRIED_OR_ADAPTER_EXTENDED,none
G4G-DELTA-0356,what_it_allows,RC4_TO_RC5_CARRIED_OR_ADAPTER_EXTENDED,none
G4G-DELTA-0357,what_it_does_not_allow,RC4_TO_RC5_CARRIED_OR_ADAPTER_EXTENDED,none
G4G-DELTA-0358,why_not_direct_prs_bin,RC4_TO_RC5_CARRIED_OR_ADAPTER_EXTENDED,none
G4G-DELTA-0359,why_not_stronger,RC4_TO_RC5_CARRIED_OR_ADAPTER_EXTENDED,none
G4G-DELTA-0360,width_coverage,RC4_TO_RC5_CARRIED_OR_ADAPTER_EXTENDED,none
G4G-DELTA-0361,width_family,RC4_TO_RC5_CARRIED_OR_ADAPTER_EXTENDED,none
G4G-DELTA-0362,width_group_um,RC4_TO_RC5_CARRIED_OR_ADAPTER_EXTENDED,none
G4G-DELTA-0363,width_or_route_family,RC4_TO_RC5_CARRIED_OR_ADAPTER_EXTENDED,none
G4G-DELTA-0364,workstream,RC4_TO_RC5_CARRIED_OR_ADAPTER_EXTENDED,none
G4G-DELTA-0365,would_require_comsol_run,RC4_TO_RC5_CARRIED_OR_ADAPTER_EXTENDED,none
G4G-DELTA-0366,would_require_mph_load,RC4_TO_RC5_CARRIED_OR_ADAPTER_EXTENDED,none
